<?xml version="1.0" encoding="UTF-8" ?>
<!DOCTYPE struts PUBLIC
    "-//Apache Software Foundation//DTD Struts Configuration 2.0//EN"
    "http://struts.apache.org/dtds/struts-2.0.dtd">

<struts>   
    <package name="file" namespace="/file" extends="struts-default">    
	    <interceptors>
	    		<interceptor name="role" class="com.netbank.interceptor.RoleInterceptor"/>
	    		<interceptor-stack name="roleStack">
	    			<interceptor-ref name="defaultStack"/>
	    			<interceptor-ref name="role"/>
	    		</interceptor-stack>
	    </interceptors>
    	<default-interceptor-ref name="roleStack"/>
    	<default-action-ref name="file"/>
    	<global-results>
    		<result name="message">/message.jsp</result>
    	</global-results>
    	<action name="file" class="file" method="addImages">
    	</action>
    	<action name="file_*" class="file" method="{1}">
    	</action>
	</package>	
</struts>
