<?xml version="1.0" encoding="UTF-8"?>
<beans
	xmlns="http://www.springframework.org/schema/beans"
	xmlns:xsi="http://www.w3.org/2001/XMLSchema-instance"
	xmlns:p="http://www.springframework.org/schema/p"
	xmlns:tx="http://www.springframework.org/schema/tx"
	xmlns:mvc="http://www.springframework.org/schema/mvc"
	xmlns:context="http://www.springframework.org/schema/context"
	xsi:schemaLocation="http://www.springframework.org/schema/beans 
	http://www.springframework.org/schema/beans/spring-beans-3.1.xsd
	http://www.springframework.org/schema/tx 
	http://www.springframework.org/schema/tx/spring-tx.xsd
	http://www.springframework.org/schema/context
	http://www.springframework.org/schema/context/spring-context-3.1.xsd
	http://www.springframework.org/schema/mvc
	http://www.springframework.org/schema/mvc/spring-mvc-3.1.xsd" >   
    
    <!-- 用来扫描该包内被@Repository、@Service和@Controller的注解类，然后注册到工厂中 -->
    <context:component-scan base-package="com.annotationspringmvc.web" />
    
    <!-- 配置视图解析器 -->
    <bean class="org.springframework.web.servlet.view.InternalResourceViewResolver">
    	<property name="prefix" value="/" />
    	<property name="suffix" value=".jsp" />
    </bean>
    
    <!-- 支持上传文件 -->  
    <bean id="multipartResolver" class="org.springframework.web.multipart.commons.CommonsMultipartResolver">  
    	<!-- 设置上传文件的最大尺寸为1MB -->  
        <property name="maxUploadSize">  
            <value>1048576</value>  
        </property> 
    </bean>
  
</beans>