<?xml version="1.0" encoding="utf-8"?>
<!DOCTYPE hibernate-mapping PUBLIC "-//Hibernate/Hibernate Mapping DTD 3.0//EN"
"http://www.hibernate.org/dtd/hibernate-mapping-3.0.dtd">
<!-- 
    Mapping file autogenerated by MyEclipse Persistence Tools
-->
<hibernate-mapping>
    <class name="com.restrant.entity.Mealseries" table="mealseries" catalog="restrant">
        <id name="seriesId" type="java.lang.Integer">
            <column name="SeriesId" />
            <generator class="native"></generator>
        </id>
        <property name="seriesName" type="java.lang.String">
            <column name="SeriesName" length="10" />
        </property>
        <set name="meals" inverse="true" lazy="false">
            <key>
                <column name="MealSeriesId" />
            </key>
            <one-to-many class="com.restrant.entity.Meal" />
        </set>
    </class>
</hibernate-mapping>
