<?xml version="1.0" encoding="utf-8"?>
<!DOCTYPE hibernate-mapping PUBLIC "-//Hibernate/Hibernate Mapping DTD 3.0//EN"
"http://www.hibernate.org/dtd/hibernate-mapping-3.0.dtd">
<!-- 
    Mapping file autogenerated by MyEclipse Persistence Tools
-->
<hibernate-mapping>
    <class name="com.restrant.entity.Meal" table="meal" catalog="restrant">
        <id name="mealId" type="java.lang.Integer">
            <column name="MealId" />
            <generator class="native"></generator>
        </id>
        <many-to-one name="mealseries" class="com.restrant.entity.Mealseries" fetch="select" lazy="false">
            <column name="MealSeriesId" />
        </many-to-one>
        <property name="mealName" type="java.lang.String">
            <column name="MealName" length="20" />
        </property>
        <property name="mealSummarize" type="java.lang.String">
            <column name="MealSummarize" length="250" />
        </property>
        <property name="mealDescription" type="java.lang.String">
            <column name="MealDescription" length="250" />
        </property>
        <property name="mealPrice" type="java.lang.Double">
            <column name="MealPrice" precision="8" />
        </property>
        <property name="mealImage" type="java.lang.String">
            <column name="MealImage" length="20" />
        </property>
        <set name="orderdtses" inverse="true" lazy="false" cascade="delete">
            <key>
                <column name="MealId" />
            </key>
            <one-to-many class="com.restrant.entity.Orderdts" />
        </set>
    </class>
</hibernate-mapping>
