<?xml version="1.0" encoding="utf-8"?>
<!DOCTYPE hibernate-mapping PUBLIC "-//Hibernate/Hibernate Mapping DTD 3.0//EN"
"http://www.hibernate.org/dtd/hibernate-mapping-3.0.dtd">
<!-- 
    Mapping file autogenerated by MyEclipse Persistence Tools
-->
<hibernate-mapping>
    <class name="com.restrant.entity.Orders" table="orders" catalog="restrant">
        <id name="oid" type="java.lang.Integer">
            <column name="OID" />
            <generator class="native"></generator>
        </id>
        <many-to-one name="users" class="com.restrant.entity.Users" fetch="select" lazy="false">
            <column name="UserId" />
        </many-to-one>
        <property name="orderTime" type="java.sql.Timestamp">
            <column name="OrderTime" length="19" />
        </property>
        <property name="orderState" type="java.lang.String">
            <column name="OrderState" length="20" />
        </property>
        <property name="orderPrice" type="java.lang.Double">
            <column name="OrderPrice" precision="8" />
        </property>
        <set name="orderdtses" cascade="all" inverse="true" lazy="false">
            <key>
                <column name="OID" />
            </key>
            <one-to-many class="com.restrant.entity.Orderdts" />
        </set>
    </class>
</hibernate-mapping>
