<?xml version="1.0" encoding="utf-8"?>
<!DOCTYPE hibernate-mapping PUBLIC "-//Hibernate/Hibernate Mapping DTD 3.0//EN"
"http://www.hibernate.org/dtd/hibernate-mapping-3.0.dtd">
<!-- 
    Mapping file autogenerated by MyEclipse Persistence Tools
-->
<hibernate-mapping>
    <class name="com.restrant.entity.Orderdts" table="orderdts" catalog="restrant">
        <id name="odid" type="java.lang.Integer">
            <column name="ODID" />
            <generator class="native"></generator>
        </id>
        <many-to-one name="meal" class="com.restrant.entity.Meal" fetch="select" lazy="false">
            <column name="MealId" />
        </many-to-one>
        <many-to-one cascade="all" name="orders" class="com.restrant.entity.Orders" fetch="select" lazy="false">
            <column name="OID" />
        </many-to-one>
        <property name="mealPrice" type="java.lang.Double">
            <column name="MealPrice" precision="8" />
        </property>
        <property name="mealCount" type="java.lang.Integer">
            <column name="MealCount" />
        </property>
    </class>
</hibernate-mapping>
