<?xml version="1.0" encoding="utf-8"?>
<!DOCTYPE hibernate-mapping PUBLIC "-//Hibernate/Hibernate Mapping DTD 3.0//EN"
"http://www.hibernate.org/dtd/hibernate-mapping-3.0.dtd">
<!-- 
    Mapping file autogenerated by MyEclipse Persistence Tools
-->
<hibernate-mapping>
    <class name="com.restrant.entity.Users" table="users" catalog="restrant">
        <id name="id" type="java.lang.Integer">
            <column name="Id" />
            <generator class="native"></generator>
        </id>
        <property name="loginName" type="java.lang.String">
            <column name="LoginName" length="20" />
        </property>
        <property name="loginPwd" type="java.lang.String">
            <column name="LoginPwd" length="20" />
        </property>
        <property name="trueName" type="java.lang.String">
            <column name="TrueName" length="20" />
        </property>
        <property name="email" type="java.lang.String">
            <column name="Email" length="20" />
        </property>
        <property name="phone" type="java.lang.String">
            <column name="Phone" length="20" />
        </property>
        <property name="address" type="java.lang.String">
            <column name="Address" length="50" />
        </property>
        <set name="orderses" inverse="true" lazy="false">
            <key>
                <column name="UserId" />
            </key>
            <one-to-many class="com.restrant.entity.Orders" />
        </set>
    </class>
</hibernate-mapping>
