<?xml version="1.0" encoding="utf-8"?>
<!DOCTYPE hibernate-mapping PUBLIC "-//Hibernate/Hibernate Mapping DTD 3.0//EN"
"http://www.hibernate.org/dtd/hibernate-mapping-3.0.dtd">
<!-- 
    Mapping file autogenerated by MyEclipse Persistence Tools
-->
<hibernate-mapping>
    <class name="com.news.entity.Newsinfo" table="newsinfo" catalog="news">
        <id name="id" type="java.lang.Integer">
            <column name="Id" />
            <generator class="native"></generator>
        </id>
        <many-to-one name="topic" class="com.news.entity.Topic" fetch="select" lazy="false">
            <column name="Tid" />
        </many-to-one>
        <property name="title" type="java.lang.String">
            <column name="Title" length="100" />
        </property>
        <property name="author" type="java.lang.String">
            <column name="Author" length="10" />
        </property>
        <property name="createDate" type="java.util.Date">
            <column name="CreateDate" length="19" />
        </property>
        <property name="content" type="java.lang.String">
            <column name="Content" length="1000" />
        </property>
        <property name="summary" type="java.lang.String">
            <column name="Summary" length="300" />
        </property>
    </class>
</hibernate-mapping>
