<?xml version="1.0" encoding="utf-8"?>
<!DOCTYPE hibernate-mapping PUBLIC "-//Hibernate/Hibernate Mapping DTD 3.0//EN"
"http://www.hibernate.org/dtd/hibernate-mapping-3.0.dtd">
<!-- 
    Mapping file autogenerated by MyEclipse Persistence Tools
-->
<hibernate-mapping>
    <class name="com.news.entity.Topic" table="topic" catalog="news">
        <id name="id" type="java.lang.Integer">
            <column name="Id" />
            <generator class="native"></generator>
        </id>
        <property name="name" type="java.lang.String">
            <column name="Name" length="10" />
        </property>
        <set name="newsinfos" inverse="true" lazy="false" cascade="delete">
            <key>
                <column name="Tid" />
            </key>
            <one-to-many class="com.news.entity.Newsinfo" />
        </set>
    </class>
</hibernate-mapping>
