<?xml version='1.0' encoding='UTF-8'?>
<!DOCTYPE hibernate-configuration PUBLIC
          "-//Hibernate/Hibernate Configuration DTD 3.0//EN"
          "http://www.hibernate.org/dtd/hibernate-configuration-3.0.dtd">
<!-- Generated by MyEclipse Hibernate Tools.                   -->
<hibernate-configuration>
<session-factory>
	<property name="show_sql">true</property>
	<property name="hibernate.jdbc.batch_size">100</property>

	<!-- 启用二级缓存
	<property name="hibernate.cache.use_second_level_cache">
		true
	</property>  
	-->

	<!-- 设置二级缓存插件EHCache的Provider类
	<property name="hibernate.cache.region.factory_class">
		org.hibernate.cache.ehcache.EhCacheRegionFactory
	</property> 
    -->
    
	<!-- 启用"查询缓存"，以缓存使用find()、list()、Iterator()等方法获得的查询结果集 
	<property name="hibernate.cache.use_query_cache">true</property>
	-->
	
	<property name="myeclipse.connection.profile">bookshop</property>
	<property name="connection.url">
		jdbc:mysql://localhost:3306/bookshop
	</property>
	<property name="connection.username">root</property>
	<property name="connection.password">123456</property>
	<property name="connection.driver_class">
		com.mysql.jdbc.Driver
	</property>
	<property name="dialect">
		org.hibernate.dialect.MySQLDialect
	</property>


	<mapping resource="com/hibtest2/entity/Users.hbm.xml" />
	<mapping resource="com/hibtest2/entity/Books.hbm.xml" />
	<mapping resource="com/hibtest2/entity/Publishers.hbm.xml" />
	<mapping resource="com/hibtest2/entity/People.hbm.xml" />
	<mapping resource="com/hibtest2/entity/Identitycard.hbm.xml" />
	<mapping resource="com/hibtest2/entity/PeopleZj.hbm.xml" />
	<mapping resource="com/hibtest2/entity/IdentitycardZj.hbm.xml" />
	<mapping resource="com/hibtest2/entity/Student.hbm.xml" />
	<mapping resource="com/hibtest2/entity/Course.hbm.xml" />
	<mapping resource="com/hibtest2/entity/Account.hbm.xml" />
	<mapping resource="com/hibtest2/entity/Account1.hbm.xml" />
	
	<!-- 
	<class-cache usage="read-only" class="com.hibtest2.entity.Users" />
	 -->

</session-factory>
</hibernate-configuration>
