<?xml version="1.0" encoding="UTF-8" ?>
<!DOCTYPE struts PUBLIC "-//Apache Software Foundation//DTD Struts Configuration 2.1//EN" "http://struts.apache.org/dtds/struts-2.1.dtd">
<struts>
	<!-- struts2的Action都必须配置在package里 -->
    <package name="default" extends="struts-default">
	    <!-- 定义doLogin的Action，该Action的实现类为com.hibtest2.action.UserManagerAction-->
		<action name="doLogin" class="com.hibtest2.action.UserManagerAction">	
		    <!-- 定义处理结果和资源之间的映射关系 -->
			<result name="error">error.jsp</result>
			<result name="success">success.jsp</result>
		</action>
	</package>
	
</struts>    
