<?xml version="1.0" encoding="UTF-8"?>
<beans
	xmlns="http://www.springframework.org/schema/beans"
	xmlns:xsi="http://www.w3.org/2001/XMLSchema-instance"
	xmlns:p="http://www.springframework.org/schema/p"
	xsi:schemaLocation="http://www.springframework.org/schema/beans http://www.springframework.org/schema/beans/spring-beans-3.1.xsd http://www.springframework.org/schema/tx http://www.springframework.org/schema/tx/spring-tx.xsd" xmlns:tx="http://www.springframework.org/schema/tx">

    <!-- 定义BasicDataSource数据源 -->
	<bean id="dataSource"
		class="org.apache.commons.dbcp.BasicDataSource">
		<!-- 指定连接数据库的JDBC驱动 -->
		<property name="driverClassName"
			value="com.mysql.jdbc.Driver">
	    </property>
		<!-- 指定数据库所用的url-->
		<property name="url"
			value="jdbc:mysql://localhost:3306/bookshop">
		</property>
		<!-- 指定连接数据库的用户名 -->
		<property name="username" value="root"></property>
		<!-- 指定连接数据库的密码 -->
		<property name="password" value="123456"></property>
	</bean>
	<!-- 定义Hibernate的SessionFactory -->
	<bean id="sessionFactory"
		class="org.springframework.orm.hibernate4.LocalSessionFactoryBean">
		<!-- 将上面定义的数据源dataSource注入到LocalSessionFactoryBean类的sessionFactory属性  -->
		<property name="dataSource">
			<ref bean="dataSource" />
		</property>
		<!-- 设置Hibernate的相关属性 -->
		<property name="hibernateProperties">
			<props>
			    <!-- 设置Hibernate的数据库方言 -->
				<prop key="hibernate.dialect">
					org.hibernate.dialect.MySQLDialect
				</prop>
				<!-- 将线程配置成Thread级别的 -->
				<prop key="hibernate.current_session_context_class">
					thread
				</prop>
			</props>
		</property>
		<property name="mappingResources">
			<list>
				<value>com/ssh2/entity/Users.hbm.xml</value></list>
		</property>
	</bean>
	<!-- 定义Hibernate事务管理器 -->
	<bean id="transactionManager"
		class="org.springframework.orm.hibernate4.HibernateTransactionManager">
		<property name="sessionFactory" ref="sessionFactory" />
	</bean>
	<tx:annotation-driven transaction-manager="transactionManager" />
	
	
	<!-- 定义UserDAOImpl类实例，并将已经创建LocalSessionFactoryBean的实例
    sessionFactory依赖注入给UserDAOImpl类中的sessionFactory属性 -->
	<bean id="userDAO" class="com.ssh2.dao.UserDAOImpl">	
	  <property name="sessionFactory" ref="sessionFactory"/>
	</bean>
	<!-- 定义UserBizImpl类实例，并给UserBizImpl类中的userDAO注入值 -->
	<bean id="userBiz" class="com.ssh2.biz.UserBizImpl">
	 	<property name="userDAO" ref="userDAO" />
	</bean>
	
	<!-- 部署Struts 2的负责用户管理的控制器UserManagerAction -->
	<bean id="umAction" class="com.ssh2.action.UserManagerAction" scope="prototype">
	  <property name="userBiz" ref="userBiz" />
	</bean>
	
	
</beans>