<?xml version="1.0" encoding="UTF-8" ?>
<!DOCTYPE struts PUBLIC "-//Apache Software Foundation//DTD Struts Configuration 2.1//EN" "http://struts.apache.org/dtds/struts-2.1.dtd">
<struts>
    <!-- 设置Web应用的默认编码集为gbk -->
    <constant name="struts.i18n.encoding" value="gbk" />
    
	<package name="default" extends="struts-default">
     <!-- 定义dolgon的Action，class属性使用Spring配置文件中 定义的相应的Bean实例名称-->
		<action name="doLogin" class="umAction">	
		<!-- 定义处理结果和资源之间的映射关系 -->
		<result name="error">error.jsp</result>
		<result name="success">success.jsp</result>
		</action>
	</package>	
</struts>    
