<?xml version='1.0' encoding='UTF-8'?>
<!DOCTYPE hibernate-configuration PUBLIC
          "-//Hibernate/Hibernate Configuration DTD 3.0//EN"
          "http://www.hibernate.org/dtd/hibernate-configuration-3.0.dtd">
<!-- Generated by MyEclipse Hibernate Tools.                   -->
<hibernate-configuration>

<session-factory>
	<property name="dialect">
		org.hibernate.dialect.MySQLDialect
	</property>
	<property name="connection.url">
		jdbc:mysql://localhost:3306/bookshop
	</property>
	<property name="connection.username">root</property>
	<property name="connection.password">123456</property>
	<property name="connection.driver_class">
		com.mysql.jdbc.Driver
	</property>
	<property name="myeclipse.connection.profile">bookshop</property>
	<property name="show_sql">true</property>
	<mapping class="com.hibtest3.entity.Users" />
	<mapping class="com.hibtest3.entity.Books" />
	<mapping class="com.hibtest3.entity.Publishers" />
	<mapping class="com.hibtest3.entity.PeopleZj" />
	<mapping class="com.hibtest3.entity.IdentitycardZj" />
	<mapping class="com.hibtest3.entity.Student" />
	<mapping class="com.hibtest3.entity.Course" />
</session-factory>

</hibernate-configuration>