<?xml version="1.0" encoding="UTF-8"?>
<!DOCTYPE hibernate-reverse-engineering PUBLIC "-//Hibernate/Hibernate Reverse Engineering DTD 3.0//EN" "http://hibernate.sourceforge.net/hibernate-reverse-engineering-3.0.dtd" >

<hibernate-reverse-engineering>
	<table name="account" catalog="bank">
		<primary-key>
			<generator class="native"></generator>
		</primary-key>
	</table>
	<table name="admin" catalog="bank">
		<primary-key>
			<generator class="native"></generator>
		</primary-key>
	</table>
	<table name="personinfo" catalog="bank">
		<primary-key>
			<generator class="native"></generator>
		</primary-key>
	</table>
	<table name="status" catalog="bank">
		<primary-key>
			<generator class="native"></generator>
		</primary-key>
	</table>
	<table name="transaction_log" catalog="bank">
		<primary-key>
			<generator class="native"></generator>
		</primary-key>
	</table>
<table name="transaction_type" catalog="bank">
	<primary-key>
		<generator class="native"></generator>
	</primary-key>
</table>
</hibernate-reverse-engineering>