<?xml version="1.0" encoding="utf-8"?>
<!DOCTYPE hibernate-mapping PUBLIC "-//Hibernate/Hibernate Mapping DTD 3.0//EN"
"http://www.hibernate.org/dtd/hibernate-mapping-3.0.dtd">
<!-- 
    Mapping file autogenerated by MyEclipse Persistence Tools
-->
<hibernate-mapping>
    <class name="com.ssh2.entity.Account" table="account" catalog="bookshop">
        <id name="id" type="java.lang.Integer">
            <column name="Id" />
            <generator class="native"></generator>
        </id>
        <property name="accountNo" type="java.lang.String">
            <column name="AccountNo" length="20" />
        </property>
        <property name="balance" type="java.lang.Long">
            <column name="Balance" precision="10" scale="0" />
        </property>
    </class>
</hibernate-mapping>
