<?xml version="1.0" encoding="UTF-8"?>
<!DOCTYPE hibernate-reverse-engineering PUBLIC "-//Hibernate/Hibernate Reverse Engineering DTD 3.0//EN" "http://hibernate.sourceforge.net/hibernate-reverse-engineering-3.0.dtd" >

<hibernate-reverse-engineering>
	<table name="users" catalog="bookshop">
		<primary-key>
			<generator class="native"></generator>
		</primary-key>
	</table>
<table name="account" catalog="bookshop">
	<primary-key>
		<generator class="native"></generator>
	</primary-key>
</table>
</hibernate-reverse-engineering>