<?xml version="1.0" encoding="UTF-8"?>
<beans
	xmlns="http://www.springframework.org/schema/beans"
	xmlns:xsi="http://www.w3.org/2001/XMLSchema-instance" 
	xmlns:context="http://www.springframework.org/schema/context"
	xmlns:aop="http://www.springframework.org/schema/aop" 
	xmlns:p="http://www.springframework.org/schema/p"
	xmlns:tx="http://www.springframework.org/schema/tx" 
	xsi:schemaLocation="http://www.springframework.org/schema/beans 	
	http://www.springframework.org/schema/beans/spring-beans-3.1.xsd
	http://www.springframework.org/schema/aop 
	http://www.springframework.org/schema/aop/spring-aop-3.1.xsd  
	http://www.springframework.org/schema/tx 
	http://www.springframework.org/schema/tx/spring-tx.xsd
	http://www.springframework.org/schema/context
	http://www.springframework.org/schema/context/spring-context-3.1.xsd">

    <!-- 定义BasicDataSource数据源 -->
	<bean id="dataSource"
		class="org.apache.commons.dbcp.BasicDataSource">
		<!-- 指定连接数据库的JDBC驱动 -->
		<property name="driverClassName"
			value="com.mysql.jdbc.Driver">
	    </property>
		<!-- 指定数据库所用的url-->
		<property name="url"
			value="jdbc:mysql://localhost:3306/bookshop">
		</property>
		<!-- 指定连接数据库的用户名 -->
		<property name="username" value="root"></property>
		<!-- 指定连接数据库的密码 -->
		<property name="password" value="123456"></property>
	</bean>
	<!-- 定义Hibernate的SessionFactory -->
	<bean id="sessionFactory"
		class="org.springframework.orm.hibernate4.LocalSessionFactoryBean">
		<!-- 将上面定义的数据源dataSource注入到LocalSessionFactoryBean类的sessionFactory属性  -->
		<property name="dataSource">
			<ref bean="dataSource" />
		</property>
		<!-- 设置Hibernate的相关属性 -->
		<property name="hibernateProperties">
			<props>
			    <!-- 设置Hibernate的数据库方言 -->
				<prop key="hibernate.dialect">
					org.hibernate.dialect.MySQLDialect
				</prop>
			</props>
		</property>
		<property name="mappingResources">
			<list>
				<value>com/ssh2/entity/Users.hbm.xml</value>
				<value>com/ssh2/entity/Account.hbm.xml</value>
			</list>
		</property>
	</bean>
	<!-- 声明Hibernate事务管理器 -->
	<bean id="transactionManager"
		class="org.springframework.orm.hibernate4.HibernateTransactionManager">
		<property name="sessionFactory" ref="sessionFactory" />
	</bean>
	
	
	<!-- 定义事务通知  -->
	<tx:advice id="txAdvice" transaction-manager="transactionManager">	 
	  <!-- 指定事务传播规则 -->
		<tx:attributes>           
		<!-- 对所有方法应用REQUIRED事务规则 -->
		    <tx:method name="*" propagation="REQUIRED" ></tx:method>
		</tx:attributes>
	</tx:advice>
	
	
	<!-- 定义切面，并将事务通知和切面组合（定义哪些方法应用事务规则）-->
	<aop:config>   
		<!-- 对com.ssh2.biz包下的所有类的所有方法都应用事务规则 -->
		<aop:pointcut id="bizMethods" expression="execution(* com.ssh2.biz.*.*(..))" />     
		<!-- 将事务通知和切面组合 -->
		<aop:advisor advice-ref="txAdvice" pointcut-ref="bizMethods" />
	</aop:config>
	
	
	<!-- 开启注解处理器 -->
	<context:annotation-config />
	
	<!-- 基于@Transactional注解方式的事务管理 -->
	<tx:annotation-driven transaction-manager="transactionManager" />
	
	
	<!-- 定义UserDAOImpl类实例，并将已经创建LocalSessionFactoryBean的实例
    sessionFactory依赖注入给UserDAOImpl类中的sessionFactory属性 -->
	<bean id="userDAO" class="com.ssh2.dao.UserDAOImpl">	
	  <property name="sessionFactory" ref="sessionFactory"/>
	</bean>
	<!-- 定义UserBizImpl类实例，并给UserBizImpl类中的userDAO注入值 -->
	<bean id="userBiz" class="com.ssh2.biz.UserBizImpl">
	 	<property name="userDAO" ref="userDAO" />
	</bean>
	
	<!-- 部署Struts 2的负责用户管理的控制器UserManagerAction -->
	<bean id="umAction" class="com.ssh2.action.UserManagerAction" scope="prototype">
	  <property name="userBiz" ref="userBiz" />
	</bean>
	
	
	<!-- 定义AccountDAOImpl类实例，并将已经创建LocalSessionFactoryBean的实例	 -->
	<bean id="accountDAO" class="com.ssh2.dao.AccountDAOImpl">	
		<property name="sessionFactory" ref="sessionFactory"/>
	</bean>
	<!-- 定义AccountBizImpl类实例，并给AccountBizImpl类中的accountDAO属性注入值 -->
	<bean id="accountBiz" class="com.ssh2.biz.AccountBizImpl">	
		<property name="accountDAO" ref="accountDAO" />
	</bean>
	<!-- 部署Struts 2的负责账户管理的控制器AccountManager，并给AccountManager类中的accountBiz属性注入值 -->
	<bean id="amAction" class="com.ssh2.action.AccountManager" scope="">
		<property name="accountBiz" ref="accountBiz" />
	</bean>
	
	
</beans>