<?xml version="1.0" encoding="utf-8"?>
<!DOCTYPE hibernate-mapping PUBLIC "-//Hibernate/Hibernate Mapping DTD 3.0//EN"
"http://www.hibernate.org/dtd/hibernate-mapping-3.0.dtd">
<!-- 
    Mapping file autogenerated by MyEclipse Persistence Tools
-->
<hibernate-mapping>
    <class name="com.hibtest2.entity.Account1" table="account1" optimistic-lock="all" dynamic-update="true" catalog="bookshop" > 
        <id name="id" type="java.lang.Integer">
            <column name="Id" />
            <generator class="native"></generator>
        </id>
        <!-- 将Account1类的version属性与表account1的Version字段进行映射
        <version name="version" column="Version" type="integer" /> 
        -->
        <!-- 将Account1类的lastUpdateTime属性与表account1的LastUpdateTime字段进行映射        
        <timestamp name="lastUpdateTime" column="LastUpdateTime"  /> 
        -->
        <property name="accountNo" type="java.lang.String">
            <column name="AccountNo" length="20" />
        </property>
        <property name="balance" type="java.lang.Long">
            <column name="Balance" precision="10" scale="0" />
        </property>                    
    </class>
</hibernate-mapping>
