<?xml version="1.0" encoding="utf-8"?>
<!DOCTYPE hibernate-mapping PUBLIC "-//Hibernate/Hibernate Mapping DTD 3.0//EN"
"http://www.hibernate.org/dtd/hibernate-mapping-3.0.dtd">
<!-- 
    Mapping file autogenerated by MyEclipse Persistence Tools
-->
<hibernate-mapping>
    <class name="com.hibtest2.entity.Books" table="books" catalog="bookshop">
        <id name="id" type="java.lang.Integer">
            <column name="Id" />
            <generator class="native"></generator>
        </id>
        <property name="title" type="java.lang.String">
            <column name="Title" length="50" not-null="true" />
        </property>
        <property name="author" type="java.lang.String">
            <column name="Author" length="16" not-null="true" />
        </property>
        <many-to-one name="publishers" column="PublisherId" class="com.hibtest2.entity.Publishers" lazy="false" cascade="save-update" insert="true" update="true"/>
        <property name="unitPrice" type="java.lang.Integer">
            <column name="UnitPrice" precision="8" scale="0" />
        </property>
    </class>
</hibernate-mapping>
