<?xml version="1.0" encoding="utf-8"?>
<!DOCTYPE hibernate-mapping PUBLIC "-//Hibernate/Hibernate Mapping DTD 3.0//EN"
"http://www.hibernate.org/dtd/hibernate-mapping-3.0.dtd">
<!-- 
    Mapping file autogenerated by MyEclipse Persistence Tools
-->
<hibernate-mapping>
    <class name="com.hibtest2.entity.Course" table="course" catalog="bookshop">
        <id name="courseId" type="java.lang.Integer">
            <column name="CourseId" />
            <generator class="native"></generator>
        </id>
        <property name="courseName" type="java.lang.String">
            <column name="CourseName" length="16" />
        </property>
        <!-- 映射Course到Student的多对多关联 -->
        <set name="students" table="sc" lazy="false" inverse="true">
			<key column="Cid" not-null="true" />
		  	<many-to-many column="Sid" class="com.hibtest2.entity.Student"/>
		</set> 
    </class>
</hibernate-mapping>
