<?xml version="1.0" encoding="utf-8"?>
<!DOCTYPE hibernate-mapping PUBLIC "-//Hibernate/Hibernate Mapping DTD 3.0//EN"
"http://www.hibernate.org/dtd/hibernate-mapping-3.0.dtd">
<!-- 
    Mapping file autogenerated by MyEclipse Persistence Tools
-->
<hibernate-mapping>
    <class name="com.hibtest2.entity.Identitycard" table="identitycard" catalog="bookshop">
        <id name="id" type="java.lang.Integer">
            <column name="Id" />
            <generator class="native"></generator>
        </id>
        <property name="cardNo" type="java.lang.String">
            <column name="CardNo" length="18" />
        </property>
        <!-- 映射Identitycard到People的一对一关联 -->
        <one-to-one name="people" class="com.hibtest2.entity.People" property-ref="identitycard" lazy="false"/>
    </class>
</hibernate-mapping>
