<?xml version="1.0" encoding="utf-8"?>
<!DOCTYPE hibernate-mapping PUBLIC "-//Hibernate/Hibernate Mapping DTD 3.0//EN"
"http://www.hibernate.org/dtd/hibernate-mapping-3.0.dtd">
<!-- 
    Mapping file autogenerated by MyEclipse Persistence Tools
-->
<hibernate-mapping>
    <class name="com.hibtest2.entity.People" table="people" catalog="bookshop">
        <!-- 映射标识属性id -->
        <id name="id" type="java.lang.Integer">
            <column name="Id" />
            <!-- 定义主键的生成策略 -->
            <generator class="native"></generator>
        </id>
        <!-- 映射普通属性 -->
        <property name="name" type="java.lang.String">
            <column name="Name" length="10" />
        </property>
        <property name="sex" type="java.lang.String">
            <column name="Sex" length="4" />
        </property>
        <property name="age" type="java.lang.Integer">
            <column name="Age" />
        </property>
        <!-- 映射People到Identitycard的一对一关联 -->
        <many-to-one name="identitycard" class="com.hibtest2.entity.Identitycard" column="CardId" unique="true" cascade="all" lazy="false" />
     
    </class>
</hibernate-mapping>
