<?xml version="1.0" encoding="utf-8"?>
<!DOCTYPE hibernate-mapping PUBLIC "-//Hibernate/Hibernate Mapping DTD 3.0//EN"
"http://www.hibernate.org/dtd/hibernate-mapping-3.0.dtd">
<!-- 
    Mapping file autogenerated by MyEclipse Persistence Tools
-->
<hibernate-mapping>
    <class name="com.hibtest2.entity.PeopleZj" table="people_zj" catalog="bookshop">
        <!-- 映射标识属性id -->
        <id name="id" type="java.lang.Integer">
            <column name="Id" />
            <!-- 采用foreign策略，直接使用另一个关联的实体的标识属性 -->
            <generator class="foreign">
            	<param name="property">identitycardZj</param>
            </generator>
        </id>
        <property name="name" type="java.lang.String">
            <column name="Name" length="10" />
        </property>
        <property name="sex" type="java.lang.String">
            <column name="Sex" length="4" />
        </property>
        <property name="age" type="java.lang.Integer">
            <column name="Age" />
        </property>
        <!-- 映射关系属性identitycardZj -->
        <one-to-one name="identitycardZj" 
                    class="com.hibtest2.entity.IdentitycardZj" 
                    constrained="true" lazy="false" />
    </class>
</hibernate-mapping>
