<?xml version="1.0" encoding="utf-8"?>
<!DOCTYPE hibernate-mapping PUBLIC "-//Hibernate/Hibernate Mapping DTD 3.0//EN"
"http://www.hibernate.org/dtd/hibernate-mapping-3.0.dtd">
<!-- 
    Mapping file autogenerated by MyEclipse Persistence Tools
-->
<hibernate-mapping>
    <class name="com.hibtest2.entity.Publishers" table="publishers" catalog="bookshop">
        <id name="id" type="java.lang.Integer">
            <column name="Id" />
            <generator class="native"></generator>
        </id>
        <property name="name" type="java.lang.String">
            <column name="Name" length="16" not-null="true" />
        </property>
        <set name="bks" lazy="false" cascade="all" inverse="true">
			<key column="PublisherId" not-null="true"/>
			<one-to-many class="com.hibtest2.entity.Books"/>
		</set>
    </class>
</hibernate-mapping>
