<?xml version="1.0" encoding="utf-8"?>
<!DOCTYPE hibernate-mapping PUBLIC "-//Hibernate/Hibernate Mapping DTD 3.0//EN"
"http://www.hibernate.org/dtd/hibernate-mapping-3.0.dtd">
<!-- 
    Mapping file autogenerated by MyEclipse Persistence Tools
-->
<hibernate-mapping>
    <class name="com.hibtest2.entity.Student" table="student" catalog="bookshop">
        <id name="studentId" type="java.lang.Integer">
            <column name="StudentId" />
            <generator class="native"></generator>
        </id>
        <property name="studentName" type="java.lang.String">
            <column name="StudentName" length="16" />
        </property>
        <!-- 映射Student到Course的多对多关联 -->
        <set name="courses" table="sc" lazy="false" inverse="false" cascade="save-update">
        	<key column="Sid" not-null="true" />
			<many-to-many column="Cid" class="com.hibtest2.entity.Course" />        	
        </set>
    </class>
</hibernate-mapping>
