<?xml version="1.0" encoding="UTF-8"?>
<!DOCTYPE hibernate-reverse-engineering PUBLIC "-//Hibernate/Hibernate Reverse Engineering DTD 3.0//EN" "http://hibernate.sourceforge.net/hibernate-reverse-engineering-3.0.dtd" >

<hibernate-reverse-engineering>
	<table name="firstleveltitle" catalog="news">
		<primary-key>
			<generator class="native"></generator>
		</primary-key>
	</table>
	<table name="secondleveltitle" catalog="news">
		<primary-key>
			<generator class="native"></generator>
		</primary-key>
	</table>
	<table name="userinfo" catalog="news">
		<primary-key>
			<generator class="native"></generator>
		</primary-key>
	</table>
	<table name="admin" catalog="news">
		<primary-key>
			<generator class="native"></generator>
		</primary-key>
	</table>
	<table name="newsinfo" catalog="news">
		<primary-key>
			<generator class="native"></generator>
		</primary-key>
	</table>
<table name="topic" catalog="news">
	<primary-key>
		<generator class="native"></generator>
	</primary-key>
</table>
</hibernate-reverse-engineering>