<?xml version="1.0" encoding="UTF-8"?>
<beans
	xmlns="http://www.springframework.org/schema/beans"
	xmlns:xsi="http://www.w3.org/2001/XMLSchema-instance"
	xmlns:p="http://www.springframework.org/schema/p"
	xmlns:tx="http://www.springframework.org/schema/tx"
	xsi:schemaLocation="http://www.springframework.org/schema/beans 
	http://www.springframework.org/schema/beans/spring-beans-3.1.xsd
	http://www.springframework.org/schema/tx 
	http://www.springframework.org/schema/tx/spring-tx.xsd" >
   
   <!-- 定义控制器LoginController -->
   <bean id="loginController" class="com.springmvc.web.LoginController">
        <!--设置请求数据的封装类型，执行到该控制器时就会自动将数据封装成Users -->
    	<property name="commandClass" value="com.springmvc.entity.Users" />
    </bean>
    
	<!-- 定义控制器RegController -->
	<bean id="regController" class="com.springmvc.web.RegController">
	    <!--设置请求数据的封装类型，执行到该控制器时就会自动将数据封装成Users -->
	 	<property name="commandClass" value="com.springmvc.entity.Users" />
	 	<!-- 指定表单录入页面 -->
	 	<property name="formView" value="register" />
	 	<!-- 指定注册成功页面 -->
    	<property name="successView" value="show" />
	</bean>  
	
	<!-- 定义控制器UserController -->
	<bean id="userController" class="com.springmvc.web.UserController">
        <property name="methodNameResolver" ref="methodNameResolver" />
    </bean>
    <!--配置UserController使用的方法对应策略ParameterMethodNameResolver，用于
                     解析请求中的特定参数的值，将该值作为方法名调用  -->
    <bean id="methodNameResolver" class="org.springframework.web.servlet.mvc.multiaction.ParameterMethodNameResolver">
    	<property name="paramName" value="method" />
    </bean>
    
	<!-- 配置处理器映射采用SimpleUrlHandlerMapping -->      
	<bean class="org.springframework.web.servlet.handler.SimpleUrlHandlerMapping" >
	      <!-- props底下的prop标签内填写的key都是符合转发条件的url值，之后跟的是bean的ID，  
	                              如果输入的url值与key值中的url匹配，则执行对应beanID绑定的Controller -->        
		<property name="mappings">
			<props>
				<prop key="login.do">loginController</prop>
				<prop key="reg.do">regController</prop>
				<prop key="user.do">userController</prop>
			</props>
		</property>
	</bean>
    
    <!-- 配置视图解析器，使用InternalResourceViewResolver类作为视图解析器
         Controller回传ModelAndView，DispatcherServlet将其交给ViewResolver解析 -->
    <bean class="org.springframework.web.servlet.view.InternalResourceViewResolver"> 
        <!-- 属性prefix和suffix分别指定视图文件所在的路径和后缀 -->
    	<property name="prefix" value="/" />
    	<property name="suffix" value=".jsp" />
    </bean> 
   
    <!-- 
    <bean class="org.springframework.web.servlet.handler.BeanNameUrlHandlerMapping" />
    <bean name="/lc.do" class="com.springmvc.web.LoginController">
    	<property name="commandClass" value="com.springmvc.entity.Users" />
    </bean>   
     -->
     
     
   <!-- 
    <bean id="myViewResolver" class="org.springframework.web.servlet.view.ResourceBundleViewResolver">  
    	<property name="basename" value="views"/>  
	</bean>
     -->
     
</beans>