<?xml version="1.0" encoding="utf-8"?>
<!DOCTYPE hibernate-mapping PUBLIC "-//Hibernate/Hibernate Mapping DTD 3.0//EN"
"http://www.hibernate.org/dtd/hibernate-mapping-3.0.dtd">
<!-- 
    Mapping file autogenerated by MyEclipse Persistence Tools
-->
<hibernate-mapping>
    <class name="com.netbank.entity.Account" table="account" catalog="bank">
        <id name="accountid" type="java.lang.Integer">
            <column name="accountid" />
            <generator class="native"></generator>
        </id>
        <many-to-one name="status" class="com.netbank.entity.Status" fetch="select" lazy="false">
            <column name="status" />
        </many-to-one>
        <property name="username" type="java.lang.String">
            <column name="username" length="50" />
        </property>
        <property name="password" type="java.lang.String">
            <column name="password" length="50" />
        </property>
        <property name="balance" type="java.lang.Double">
            <column name="balance" precision="18" />
        </property>
        <set name="transactionLogs" inverse="true" lazy="false" cascade="delete">
            <key>
                <column name="accountid" />
            </key>
            <one-to-many class="com.netbank.entity.TransactionLog" />
        </set>
        <set name="personinfos" inverse="true" lazy="false" cascade="delete">
            <key>
                <column name="accountid" />
            </key>
            <one-to-many class="com.netbank.entity.Personinfo" />
        </set>
    </class>
</hibernate-mapping>
