<?xml version="1.0" encoding="utf-8"?>
<!DOCTYPE hibernate-mapping PUBLIC "-//Hibernate/Hibernate Mapping DTD 3.0//EN"
"http://www.hibernate.org/dtd/hibernate-mapping-3.0.dtd">
<!-- 
    Mapping file autogenerated by MyEclipse Persistence Tools
-->
<hibernate-mapping>
    <class name="com.netbank.entity.Admin" table="admin" catalog="bank">
        <id name="id" type="java.lang.Integer">
            <column name="id" />
            <generator class="native"></generator>
        </id>
        <property name="username" type="java.lang.String">
            <column name="username" length="50" />
        </property>
        <property name="password" type="java.lang.String">
            <column name="password" length="50" />
        </property>
    </class>
</hibernate-mapping>
