<?xml version="1.0" encoding="utf-8"?>
<!DOCTYPE hibernate-mapping PUBLIC "-//Hibernate/Hibernate Mapping DTD 3.0//EN"
"http://www.hibernate.org/dtd/hibernate-mapping-3.0.dtd">
<!-- 
    Mapping file autogenerated by MyEclipse Persistence Tools
-->
<hibernate-mapping>
    <class name="com.netbank.entity.Personinfo" table="personinfo" catalog="bank">
        <id name="id" type="java.lang.Integer">
            <column name="id" />
            <generator class="native"></generator>
        </id>
        <many-to-one name="account" class="com.netbank.entity.Account" fetch="select" lazy="false">
            <column name="accountid" />
        </many-to-one>
        <property name="realname" type="java.lang.String">
            <column name="realname" length="50" />
        </property>
        <property name="age" type="java.lang.Integer">
            <column name="age" />
        </property>
        <property name="sex" type="java.lang.String">
            <column name="sex" length="2" />
        </property>
        <property name="cardid" type="java.lang.Long">
            <column name="cardid" precision="18" scale="0" />
        </property>
        <property name="address" type="java.lang.String">
            <column name="address" length="50" />
        </property>
        <property name="telephone" type="java.lang.String">
            <column name="telephone" length="50" />
        </property>
    </class>
</hibernate-mapping>
