<?xml version="1.0" encoding="utf-8"?>
<!DOCTYPE hibernate-mapping PUBLIC "-//Hibernate/Hibernate Mapping DTD 3.0//EN"
"http://www.hibernate.org/dtd/hibernate-mapping-3.0.dtd">
<!-- 
    Mapping file autogenerated by MyEclipse Persistence Tools
-->
<hibernate-mapping>
    <class name="com.netbank.entity.TransactionType" table="transaction_type" catalog="bank">
        <id name="id" type="java.lang.Integer">
            <column name="id" />
            <generator class="native"></generator>
        </id>
        <property name="name" type="java.lang.String">
            <column name="name" length="50" />
        </property>
        <set name="transactionLogs" inverse="true" lazy="false">
            <key>
                <column name="ta_type" />
            </key>
            <one-to-many class="com.netbank.entity.TransactionLog" />
        </set>
    </class>
</hibernate-mapping>
