<?xml version="1.0" encoding="utf-8"?>
<!DOCTYPE hibernate-mapping PUBLIC "-//Hibernate/Hibernate Mapping DTD 3.0//EN"
"http://www.hibernate.org/dtd/hibernate-mapping-3.0.dtd">
<!-- 
    Mapping file autogenerated by MyEclipse Persistence Tools
-->
<hibernate-mapping>
    <class name="com.netbank.entity.TransactionLog" table="transaction_log" catalog="bank">
        <id name="id" type="java.lang.Integer">
            <column name="id" />
            <generator class="native"></generator>
        </id>
        <many-to-one name="transactionType" class="com.netbank.entity.TransactionType" fetch="select" lazy="false">
            <column name="ta_type" />
        </many-to-one>
        <many-to-one name="account" class="com.netbank.entity.Account" fetch="select" lazy="false">
            <column name="accountid" />
        </many-to-one>
        <property name="otherid" type="java.lang.Integer">
            <column name="otherid" />
        </property>
        <property name="trMoney" type="java.lang.Double">
            <column name="tr_money" precision="18" />
        </property>
        <property name="datetime" type="java.lang.String">
            <column name="datetime" length="50" />
        </property>
    </class>
</hibernate-mapping>
