<?xml version="1.0" encoding="UTF-8"?>
<!DOCTYPE hibernate-reverse-engineering PUBLIC "-//Hibernate/Hibernate Reverse Engineering DTD 3.0//EN" "http://hibernate.sourceforge.net/hibernate-reverse-engineering-3.0.dtd" >

<hibernate-reverse-engineering>
	<table name="users" catalog="bookshop">
		<primary-key>
			<generator class="native"></generator>
		</primary-key>
	</table>
	<table name="books" catalog="bookshop">
		<primary-key>
			<generator class="native"></generator>
		</primary-key>
	</table>
	<table name="publishers" catalog="bookshop">
		<primary-key>
			<generator class="native"></generator>
		</primary-key>
	</table>
	<table name="identitycard" catalog="bookshop">
		<primary-key>
			<generator class="foreign"></generator>
		</primary-key>
	</table>
	<table name="people" catalog="bookshop">
		<primary-key>
			<generator class="native"></generator>
		</primary-key>
	</table>
	<table name="people_zj" catalog="bookshop">
		<primary-key>
			<generator class="foreign"></generator>
		</primary-key>
	</table>
	<table name="identitycard_zj" catalog="bookshop">
		<primary-key>
			<generator class="native"></generator>
		</primary-key>
	</table>
	<table name="student" catalog="bookshop">
		<primary-key>
			<generator class="native"></generator>
		</primary-key>
	</table>
	<table name="course" catalog="bookshop">
		<primary-key>
			<generator class="native"></generator>
		</primary-key>
	</table>
	<table name="account" catalog="bookshop">
		<primary-key>
			<generator class="native"></generator>
		</primary-key>
	</table>
<table name="account1" catalog="bookshop">
	<primary-key>
		<generator class="native"></generator>
	</primary-key>
</table>
</hibernate-reverse-engineering>